workers,trial,work_units,elapsed,mean_time,minimum,maximum,range,speedup,efficiency
1,1,200000000,0.135938,0.135112,0.134304,0.135938,0.001634,1.000000,1.0000000
1,2,200000000,0.135094,0.135112,0.134304,0.135938,0.001634,1.000000,1.0000000
1,3,200000000,0.134304,0.135112,0.134304,0.135938,0.001634,1.000000,1.0000000
2,1,200000000,0.067799,0.068347,0.067760,0.069482,0.001722,1.976853,0.9884267
2,2,200000000,0.067760,0.068347,0.067760,0.069482,0.001722,1.976853,0.9884267
2,3,200000000,0.069482,0.068347,0.067760,0.069482,0.001722,1.976853,0.9884267
4,1,200000000,0.034791,0.034542,0.034364,0.034791,0.000427,3.911528,0.9778820
4,2,200000000,0.034364,0.034542,0.034364,0.034791,0.000427,3.911528,0.9778820
4,3,200000000,0.034471,0.034542,0.034364,0.034791,0.000427,3.911528,0.9778820
